title,url,price,description,review_count,category,subcategory,product_url
IdeaTab A3500-...,/test-sites/e-commerce/static/product/17,148.99,"Blue, 7"" IPS, Quad-Core 1.3GHz, 8GB, 3G, Android 4.2",,Computers,Tablets,https://webscraper.io/test-sites/e-commerce/static/product/17
Acer Aspire 3...,/test-sites/e-commerce/static/product/69,391.48,"Acer Aspire 3 A315-31 Black, 15.6"" HD, Pentium N4200 1.1GHz, 4GB, 128GB SSD, Windows 10 Home",,Computers,Laptops,https://webscraper.io/test-sites/e-commerce/static/product/69
HP 250 G3,/test-sites/e-commerce/static/product/42,520.99,"15.6"", Core i5-4210U, 4GB, 500GB, Windows 8.1",,Computers,Laptops,https://webscraper.io/test-sites/e-commerce/static/product/42
Acer Aspire ES...,/test-sites/e-commerce/static/product/86,469.1,"Acer Aspire ES1-572 Black, 15.6"" HD, Core i3-6006U, 4GB, 128GB SSD, Windows 10 Home",,Computers,Laptops,https://webscraper.io/test-sites/e-commerce/static/product/86
Dell Vostro 15...,/test-sites/e-commerce/static/product/92,497.17,"Dell Vostro 15 (3568) Red, 15.6"" HD, Core i5-7200U, 4GB, 1TB, Radeon R5 M420 2GB, Linux",,Computers,Laptops,https://webscraper.io/test-sites/e-commerce/static/product/92
MSI GL72M 7RDX,/test-sites/e-commerce/static/product/96,1099.0,"MSI GL72M 7RDX, 17.3"" FHD, Core i5-7300HQ, 8GB, 1TB + 128GB SSD, GeForce GTX 1050 2GB, Windows 10 Home",,Computers,Laptops,https://webscraper.io/test-sites/e-commerce/static/product/96
Samsung Galaxy,/test-sites/e-commerce/static/product/3,93.99,5 mpx. Android 5.0,,Phones,Touch,https://webscraper.io/test-sites/e-commerce/static/product/3
LG Optimus,/test-sites/e-commerce/static/product/2,57.99,"3.2"" screen",,Phones,Touch,https://webscraper.io/test-sites/e-commerce/static/product/2
Iphone,/test-sites/e-commerce/static/product/9,899.99,Black,,Phones,Touch,https://webscraper.io/test-sites/e-commerce/static/product/9
Packard 255 G2,/test-sites/e-commerce/static/product/31,416.99,"15.6"", AMD E2-3800 1.3GHz, 4GB, 500GB, Windows 8.1",,Phones,Computers,https://webscraper.io/test-sites/e-commerce/static/product/31
Aspire E1-510,/test-sites/e-commerce/static/product/32,306.99,"15.6"", Pentium N3520 2.16GHz, 4GB, 500GB, Linux",,Computers,Laptops,https://webscraper.io/test-sites/e-commerce/static/product/32
ThinkPad T540p,/test-sites/e-commerce/static/product/33,1178.99,"15.6"", Core i5-4200M, 4GB, 500GB, Win7 Pro 64bit",,Computers,Laptops,https://webscraper.io/test-sites/e-commerce/static/product/33
ProBook,/test-sites/e-commerce/static/product/34,739.99,"14"", Core i5 2.6GHz, 4GB, 500GB, Win7 Pro 64bit",,Computers,Laptops,https://webscraper.io/test-sites/e-commerce/static/product/34
ThinkPad X240,/test-sites/e-commerce/static/product/35,1311.99,"12.5"", Core i5-4300U, 8GB, 240GB SSD, Win7 Pro 64bit",,Computers,Laptops,https://webscraper.io/test-sites/e-commerce/static/product/35
Aspire E1-572G,/test-sites/e-commerce/static/product/36,581.99,"15.6"", Core i5-4200U, 8GB, 1TB, Radeon R7 M265, Windows 8.1",,Computers,Laptops,https://webscraper.io/test-sites/e-commerce/static/product/36
ThinkPad Yoga,/test-sites/e-commerce/static/product/37,1033.99,"12.5"" Touch, Core i3-4010U, 4GB, 500GB + 16GB SSD Cache,",,Computers,Laptops,https://webscraper.io/test-sites/e-commerce/static/product/37
Pavilion,/test-sites/e-commerce/static/product/38,609.99,"15.6"", Core i5-4200U, 6GB, 750GB, Windows 8.1",,Computers,Laptops,https://webscraper.io/test-sites/e-commerce/static/product/38
Inspiron 15,/test-sites/e-commerce/static/product/39,745.99,"Moon Silver, 15.6"", Core i7-4510U, 8GB, 1TB, Radeon HD R7 M265 2GB,",,Computers,Laptops,https://webscraper.io/test-sites/e-commerce/static/product/39
Dell XPS 13,/test-sites/e-commerce/static/product/40,1281.99,"13.3"" Touch, Core i5-4210U, 8GB, 128GB SSD, Windows 8.1",,Computers,Laptops,https://webscraper.io/test-sites/e-commerce/static/product/40
ThinkPad X230,/test-sites/e-commerce/static/product/41,1244.99,"12.5"", Core i5 2.6GHz, 8GB, 180GB SSD, Win7 Pro 64bit",,Computers,Laptops,https://webscraper.io/test-sites/e-commerce/static/product/41
ThinkPad Yoga,/test-sites/e-commerce/static/product/43,1223.99,"12.5"" Touch, Core i5 4200U, 8GB, 500GB + 16GB SSD Cache, Windows",,Computers,Laptops,https://webscraper.io/test-sites/e-commerce/static/product/43
HP 350 G1,/test-sites/e-commerce/static/product/44,577.99,"15.6"", Core i5-4200U, 4GB, 750GB, Radeon HD8670M 2GB, Windows",,Computers,Laptops,https://webscraper.io/test-sites/e-commerce/static/product/44
Asus VivoBook...,/test-sites/e-commerce/static/product/45,399.0,"Asus VivoBook Max X541NA-GQ041 Black Chocolate, 15.6"" HD, Pentium N4200 1.1GHz, 4GB, 500GB, Windows 10 Home",,Computers,Laptops,https://webscraper.io/test-sites/e-commerce/static/product/45
Dell Vostro 15,/test-sites/e-commerce/static/product/46,488.78,"Dell Vostro 15 (3568) Black, 15.6"" FHD, Core i5-7200U, 4GB, 128GB SSD, Radeon R5 M420 2GB, Linux",,Phones,Computers,https://webscraper.io/test-sites/e-commerce/static/product/46
Acer Spin 5,/test-sites/e-commerce/static/product/47,564.98,"Acer Spin 5 SP513-51 Black, 13.3"" FHD Touch, Core i3-7100U, 4GB, 128GB SSD, Windows 10 Home",,Computers,Laptops,https://webscraper.io/test-sites/e-commerce/static/product/47
Acer Aspire A5...,/test-sites/e-commerce/static/product/48,679.0,"Acer Aspire A515-51-5654, Black, 15.6"", FHD, Core i5-8250U, 8GB DDR4, 256GB SSD, Windows 10 Home, ENG",,Computers,Laptops,https://webscraper.io/test-sites/e-commerce/static/product/48
Dell Inspiron...,/test-sites/e-commerce/static/product/49,679.0,"Dell Inspiron 15 (5567) Fog Gray, 15.6"" FHD, Core i5-7200U, 8GB, 1TB, Radeon R7 M445 4GB, Linux",,Computers,Laptops,https://webscraper.io/test-sites/e-commerce/static/product/49
Asus VivoBook...,/test-sites/e-commerce/static/product/50,729.0,"Asus VivoBook S14 (S406UA-BV041T) Starry Grey, 14"", Core i5-8250U, 8GB, 256GB SSD, Windows 10 Home, Eng kbd",,Computers,Laptops,https://webscraper.io/test-sites/e-commerce/static/product/50
Asus ROG STRIX...,/test-sites/e-commerce/static/product/51,799.0,"Asus ROG STRIX GL553VD-DM256, 15.6"" FHD, Core i5-7300HQ, 8GB, 1TB, GeForce GTX 1050 2GB, No OS",,Computers,Laptops,https://webscraper.io/test-sites/e-commerce/static/product/51
Acer Nitro 5 A...,/test-sites/e-commerce/static/product/52,809.0,"Acer Nitro 5 AN515-51, 15.6"" FHD IPS, Core i5-7300HQ, 8GB, 1TB, GeForce GTX 1050 2GB, Windows 10 Home",,Computers,Laptops,https://webscraper.io/test-sites/e-commerce/static/product/52
Asus ROG STRIX...,/test-sites/e-commerce/static/product/53,899.0,"Asus ROG STRIX GL553VD-DM256, 15.6"" FHD, Core i5-7300HQ, 8GB, 1TB, GeForce GTX 1050 2GB, No OS + Windows 10 Home",,Computers,Laptops,https://webscraper.io/test-sites/e-commerce/static/product/53
Lenovo ThinkPa...,/test-sites/e-commerce/static/product/54,999.0,"Lenovo ThinkPad L570, 15.6"" FHD, Core i7-7500U, 8GB, 256GB SSD, Windows 10 Pro",,Computers,Laptops,https://webscraper.io/test-sites/e-commerce/static/product/54
Lenovo Legion...,/test-sites/e-commerce/static/product/55,1149.0,"Lenovo Legion Y520-15IKBM, 15.6"" FHD IPS, Core i7-7700HQ, 8GB, 128GB SSD + 1TB, GeForce GTX 1060 Max-Q 6GB, DOS",,Computers,Laptops,https://webscraper.io/test-sites/e-commerce/static/product/55
Lenovo Legion...,/test-sites/e-commerce/static/product/56,1399.0,"Lenovo Legion Y720, 15.6"" FHD IPS, Core i7-7700HQ, 8GB, 128GB SSD + 2TB HDD, GeForce GTX 1060 6GB, DOS, RGB backlit keyboard",,Computers,Laptops,https://webscraper.io/test-sites/e-commerce/static/product/56
Asus ROG Strix...,/test-sites/e-commerce/static/product/57,1769.0,"Asus ROG Strix GL702ZC-GC154T, 17.3"" FHD, Ryzen 7 1700, 16GB, 256GB + 1TB HDD, Radeon RX 580 4GB, Windows 10 Home",,Computers,Laptops,https://webscraper.io/test-sites/e-commerce/static/product/57
Asus ROG Strix...,/test-sites/e-commerce/static/product/58,1769.0,"Asus ROG Strix GL702ZC-GC209T, 17.3"" FHD IPS, Ryzen 7 1700, 16GB, 256GB SSD + 1TB HDD, Radeon RX 580 4GB, Windows 10 Home",,Computers,Laptops,https://webscraper.io/test-sites/e-commerce/static/product/58
Asus ROG Strix...,/test-sites/e-commerce/static/product/59,1799.0,"Asus ROG Strix SCAR Edition GL503VM-ED115T, 15.6"" FHD 120Hz, Core i7-7700HQ, 16GB, 256GB SSD + 1TB SSHD, GeForce GTX 1060 6GB, Windows 10 Home",,Computers,Laptops,https://webscraper.io/test-sites/e-commerce/static/product/59
Asus VivoBook...,/test-sites/e-commerce/static/product/60,295.99,"Asus VivoBook X441NA-GA190 Chocolate Black, 14"", Celeron N3450, 4GB, 128GB SSD, Endless OS, ENG kbd",,Computers,Laptops,https://webscraper.io/test-sites/e-commerce/static/product/60
Prestigio Smar...,/test-sites/e-commerce/static/product/61,299.0,"Prestigio SmartBook 133S Dark Grey, 13.3"" FHD IPS, Celeron N3350 1.1GHz, 4GB, 32GB, Windows 10 Pro + Office 365 1 gadam",,Computers,Laptops,https://webscraper.io/test-sites/e-commerce/static/product/61
Prestigio Smar...,/test-sites/e-commerce/static/product/62,299.0,"Prestigio SmartBook 133S Gold, 13.3"" FHD IPS, Celeron N3350 1.1GHz, 4GB, 32GB, Windows 10 Pro + Office 365 1 gadam",,Phones,Home,https://webscraper.io/test-sites/e-commerce/static/product/62
Lenovo V110-15...,/test-sites/e-commerce/static/product/63,321.94,"Lenovo V110-15IAP, 15.6"" HD, Celeron N3350 1.1GHz, 4GB, 128GB SSD, Windows 10 Home",,Computers,Laptops,https://webscraper.io/test-sites/e-commerce/static/product/63
Hewlett Packar...,/test-sites/e-commerce/static/product/65,364.46,"Hewlett Packard 250 G6 Dark Ash Silver, 15.6"" HD, Celeron N3060 1.6GHz, 4GB, 128GB SSD, DOS",,Computers,Laptops,https://webscraper.io/test-sites/e-commerce/static/product/65
Acer Aspire 3...,/test-sites/e-commerce/static/product/66,372.7,"Acer Aspire 3 A315-31 Black, 15.6"" HD, Celeron N3350 1.1GHz, 4GB, 128GB SSD, Windows 10 Home",,Computers,Laptops,https://webscraper.io/test-sites/e-commerce/static/product/66
Acer Aspire A3...,/test-sites/e-commerce/static/product/67,379.94,"Acer Aspire A315-31-C33J Black 15.6"", HD, Celeron N3350, 4GB DDR3L, 128GB, Windows 10 Home, ENG",,Computers,Laptops,https://webscraper.io/test-sites/e-commerce/static/product/67
Acer Aspire ES...,/test-sites/e-commerce/static/product/68,379.95,"Acer Aspire ES1-572 Black, 15.6"" HD, Core i3-6006U, 4GB, 128GB SSD, Linux",,Computers,Laptops,https://webscraper.io/test-sites/e-commerce/static/product/68
Acer Aspire 3...,/test-sites/e-commerce/static/product/70,393.88,"Acer Aspire 3 A315-21, 15.6"", AMD A4-9120. 4GB. 128GB SSD, Linux",,Computers,Laptops,https://webscraper.io/test-sites/e-commerce/static/product/70
Asus VivoBook...,/test-sites/e-commerce/static/product/71,399.99,"Asus VivoBook E502NA-GO022T Dark Blue, 15.6"" HD, Pentium N4200 1.1GHz, 4GB, 128GB SSD, Windows 10 Home, En/Ru kbd",,Computers,Laptops,https://webscraper.io/test-sites/e-commerce/static/product/71
Lenovo ThinkPa...,/test-sites/e-commerce/static/product/72,404.23,"Lenovo ThinkPad E31-80, 13.3"" HD, Celeron 3855U 1.6GHz, 4GB, 128GB SSD, Windows 10 Home",,Computers,Laptops,https://webscraper.io/test-sites/e-commerce/static/product/72
Acer Aspire 3...,/test-sites/e-commerce/static/product/73,408.98,"Acer Aspire 3 A315-31 Black, 15.6"" HD, Pentium N4200 1.1GHz, 4GB, 128GB SSD, Windows 10 Home",,Computers,Laptops,https://webscraper.io/test-sites/e-commerce/static/product/73
Lenovo V110-15...,/test-sites/e-commerce/static/product/74,409.63,"Lenovo V110-15ISK, 15.6"" HD, Core i3-6006U, 8GB, 128GB SSD, Windows 10 Home",,Computers,Laptops,https://webscraper.io/test-sites/e-commerce/static/product/74
Acer Aspire ES...,/test-sites/e-commerce/static/product/75,410.46,"Acer Aspire ES1-732 Black, 17.3"" HD+, Celeron, N3350, 4GB, 1TB, Windows 10 Home",,Computers,Laptops,https://webscraper.io/test-sites/e-commerce/static/product/75
Asus VivoBook...,/test-sites/e-commerce/static/product/76,410.66,"Asus VivoBook 15 X540NA-GQ026T Chocolate Black, 15.6"" HD, Pentium N4200, 4GB, 128GB SSD, Windows 10 Home, En/Ru kbd",,Computers,Laptops,https://webscraper.io/test-sites/e-commerce/static/product/76
Asus EeeBook R...,/test-sites/e-commerce/static/product/77,433.3,"Asus EeeBook R416NA-FA014T, 14"" FHD, Pentium N4200, 4GB, 128GB eMMC, Windows 10 Home, Eng kbd",,Computers,Laptops,https://webscraper.io/test-sites/e-commerce/static/product/77
Acer Aspire 3...,/test-sites/e-commerce/static/product/78,436.29,"Acer Aspire 3 A315-51, 15.6"" HD, Core i3-6006U, 4GB, 1TB, Windows 10 Home",,Computers,Laptops,https://webscraper.io/test-sites/e-commerce/static/product/78
Acer Aspire ES...,/test-sites/e-commerce/static/product/79,436.29,"Acer Aspire ES1-572 Black, 15.6"" HD, Core i3-6006U, 4GB, 500GB, Windows 10 Home",,Computers,Laptops,https://webscraper.io/test-sites/e-commerce/static/product/79
Acer Extensa 1...,/test-sites/e-commerce/static/product/80,439.73,"Acer Extensa 15 (2540) Black, 15.6"" HD, Core i5-7200U, 4GB, 500GB, Linux",,Computers,Laptops,https://webscraper.io/test-sites/e-commerce/static/product/80
Acer Aspire ES...,/test-sites/e-commerce/static/product/81,454.62,"Acer Aspire ES1-572 Black, 15.6"" HD, Core i5-7200U, 4GB, 500GB, Linux",,Computers,Laptops,https://webscraper.io/test-sites/e-commerce/static/product/81
Lenovo V110-15...,/test-sites/e-commerce/static/product/82,454.73,"Lenovo V110-15ISK, 15.6"" HD, Core i3-6006U, 4GB, 128GB SSD, Windows 10 Pro",,Computers,Laptops,https://webscraper.io/test-sites/e-commerce/static/product/82
Acer Aspire A3...,/test-sites/e-commerce/static/product/83,457.38,"Acer Aspire A315-51-33TG, Black 15.6"" HD, Core i3-7100U, 4GB DDR4, 128GB SSD, Windows 10 Home, ENG",,Computers,Laptops,https://webscraper.io/test-sites/e-commerce/static/product/83
Lenovo V110-15...,/test-sites/e-commerce/static/product/84,465.95,"Lenovo V110-15IKB, 15.6"" HD, Core i5-7200U, 4GB, 500GB, DOS",,Computers,Laptops,https://webscraper.io/test-sites/e-commerce/static/product/84
Asus VivoBook...,/test-sites/e-commerce/static/product/85,468.56,"Asus VivoBook 15 X540UA-DM260 Chocolate Black, 15.6"" FHD, Core i3-6006U, 4GB, 256GB SSD, Endless OS, En kbd",,Computers,Laptops,https://webscraper.io/test-sites/e-commerce/static/product/85
Lenovo V510 Bl...,/test-sites/e-commerce/static/product/87,484.23,"Lenovo V510 Black, 14"" HD, Core i3-6006U, 4GB, 128GB SSD, Windows 10 Home",,Computers,Laptops,https://webscraper.io/test-sites/e-commerce/static/product/87
Acer Aspire ES...,/test-sites/e-commerce/static/product/88,485.9,"Acer Aspire ES1-572 Black, 15.6"" HD, Core i5-7200U, 4GB, 128GB SSD, Linux",,Computers,Laptops,https://webscraper.io/test-sites/e-commerce/static/product/88
Lenovo V510 Bl...,/test-sites/e-commerce/static/product/89,487.8,"Lenovo V510 Black, 15.6"" HD, Core i3-6006U, 4GB, 128GB SSD, Windows 10 Home",,Computers,Laptops,https://webscraper.io/test-sites/e-commerce/static/product/89
Acer Swift 1 S...,/test-sites/e-commerce/static/product/90,488.64,"Acer Swift 1 SF113-31 Silver, 13.3"" FHD, Pentium N4200, 4GB, 128GB SSD, Windows 10 Home",,Computers,Laptops,https://webscraper.io/test-sites/e-commerce/static/product/90
Acer Aspire 3...,/test-sites/e-commerce/static/product/91,494.71,"Acer Aspire 3 A315-51 Black, 15.6"" FHD, Core i3-7100U, 4GB, 500GB + 128GB SSD, Windows 10 Home",,Computers,Laptops,https://webscraper.io/test-sites/e-commerce/static/product/91
Lenovo V510 Bl...,/test-sites/e-commerce/static/product/93,498.23,"Lenovo V510 Black, 15.6"" FHD, Core i3-7100U, 4GB, 128GB SSD, Windows 10 Pro",,Computers,Laptops,https://webscraper.io/test-sites/e-commerce/static/product/93
Lenovo ThinkPa...,/test-sites/e-commerce/static/product/94,1096.02,"Lenovo ThinkPad L460, 14"" FHD IPS, Core i7-6600U, 8GB, 256GB SSD, Windows 10 Pro",,Computers,Laptops,https://webscraper.io/test-sites/e-commerce/static/product/94
Dell Inspiron...,/test-sites/e-commerce/static/product/95,1098.42,"Dell Inspiron 15 (7567) Black, 15.6"" FHD, Core i5-7300HQ, 8GB, 256GB SSD, GeForce GTX 1050 4GB, Windows 10 Home",,Computers,Laptops,https://webscraper.io/test-sites/e-commerce/static/product/95
MSI GL72M 7RDX,/test-sites/e-commerce/static/product/97,1099.0,"Asus ROG Strix GL553VD-DM535T, 15.6"" FHD, Core i7-7700HQ, 8GB, 1TB + 128GB SSD, GeForce GTX 1050 2GB, Windows 10 Home, Eng kbd",,Computers,Laptops,https://webscraper.io/test-sites/e-commerce/static/product/97
Asus ROG Strix...,/test-sites/e-commerce/static/product/98,1101.83,"Apple MacBook Air 13.3"", Core i5 1.8GHz, 8GB, 128GB SSD, Intel HD 4000, RUS",,Computers,Laptops,https://webscraper.io/test-sites/e-commerce/static/product/98
Dell Latitude...,/test-sites/e-commerce/static/product/99,1102.66,"Dell Latitude 5280, 12.5"" HD, Core i5-7300U, 8GB, 256GB SSD, Windows 10 Pro",,Computers,Laptops,https://webscraper.io/test-sites/e-commerce/static/product/99
Dell Latitude...,/test-sites/e-commerce/static/product/100,1110.14,"Dell Latitude 5480, 14"" FHD, Core i5-7300U, 8GB, 500GB, Linux + Windows 10 Home",,Computers,Laptops,https://webscraper.io/test-sites/e-commerce/static/product/100
Lenovo Legion...,/test-sites/e-commerce/static/product/101,1112.91,"Lenovo Legion Y520-15IKBM, Black, 15.6"" FHD IPS, Core i5-7300HQ, 8 GB, 128GB SSD + 2 TB HDD, NVIDIA GeForce GTX 1060 6 GB, FreeDOS + Windows 10 Home",,Computers,Laptops,https://webscraper.io/test-sites/e-commerce/static/product/101
Toshiba Porteg...,/test-sites/e-commerce/static/product/102,1114.55,"Toshiba Portege Z30-C-16J Grey, 13.3"" FHD, Core i5-6200U, 8GB, 256GB SSD, Windows 10 Pro",,Computers,Laptops,https://webscraper.io/test-sites/e-commerce/static/product/102
Acer Predator...,/test-sites/e-commerce/static/product/103,1123.87,"Acer Predator Helios 300 (PH317-51), 17.3"" FHD IPS, Core i5-7300HQ, 8GB, 1TB + 128GB SSD, GeForce GTX 1050Ti 4GB, Windows 10 Home",,Computers,Laptops,https://webscraper.io/test-sites/e-commerce/static/product/103
Acer Aspire 7...,/test-sites/e-commerce/static/product/104,1123.87,"Acer Aspire 7 A715-71G, 15.6"" FHD IPS, Core i7-7700HQ, 8GB, 128GB SSD + 1TB HDD, GTX 1050 Ti 4GB, Windows 10 Home",,Computers,Laptops,https://webscraper.io/test-sites/e-commerce/static/product/104
Dell Inspiron...,/test-sites/e-commerce/static/product/105,1124.2,"Dell Inspiron 17 2in1 (7779) Silver, 17.3"" FHD Touch, Core i5-7200U, 12GB, 1TB, GeForce GT940MX 2GB, Windows 10 Home",,Computers,Laptops,https://webscraper.io/test-sites/e-commerce/static/product/105
Dell Latitude...,/test-sites/e-commerce/static/product/106,1133.82,"Dell Latitude 5480, 14"" FHD, Core i5-7300U, 8GB, 500GB, Windows 10 Pro",,Computers,Laptops,https://webscraper.io/test-sites/e-commerce/static/product/106
Lenovo Legion...,/test-sites/e-commerce/static/product/107,1133.91,"Lenovo Legion Y520, 15.6"" FHD, Core i7-7700HQ, 8GB, 128 GB SSD + 1TB HDD, GTX 1050 4GB, Windows 10 Home",,Computers,Laptops,https://webscraper.io/test-sites/e-commerce/static/product/107
Asus AsusPro A...,/test-sites/e-commerce/static/product/108,1139.54,"Asus AsusPro Advanced BU401LA-FA271G Dark Grey, 14"", Core i5-4210U, 4GB, 128GB SSD, Win7 Pro 64bit, ENG",,Computers,Laptops,https://webscraper.io/test-sites/e-commerce/static/product/108
Acer Nitro 5 A...,/test-sites/e-commerce/static/product/109,1140.62,"Acer Nitro 5 AN515-51, 15.6"" FHD IPS, Core i7-7700HQ, 8GB, 256GB SSD +1TB, GeForce GTX 1050 Ti 4GB, Windows 10 Home + Windows 10 Home",,Computers,Laptops,https://webscraper.io/test-sites/e-commerce/static/product/109
Dell Latitude...,/test-sites/e-commerce/static/product/110,1143.4,"Dell Latitude 5480, 14"" FHD, Core i5-7440HQ, 8GB, 256GB SSD, Windows 10 Pro",,Computers,Laptops,https://webscraper.io/test-sites/e-commerce/static/product/110
Dell Inspiron...,/test-sites/e-commerce/static/product/111,1144.2,"Dell Inspiron 15 (7567) Black, 15.6"" FHD, Core i7-7700HQ, 8GB, 1TB, GeForce GTX 1050 Ti 4GB, Linux + Windows 10 Home",,Computers,Laptops,https://webscraper.io/test-sites/e-commerce/static/product/111
Dell Latitude...,/test-sites/e-commerce/static/product/112,1144.4,"Dell Latitude 5580, 15.6"" FHD, Core i5-7300U, 8GB, 256GB SSD, Windows 10 Pro",,Computers,Laptops,https://webscraper.io/test-sites/e-commerce/static/product/112
MSI GP62M 7RDX...,/test-sites/e-commerce/static/product/113,1149.0,"MSI GP62M 7RDX Leopard, 15.6"" FHD, Core i7-7700HQ, 8GB, 1TB + 128GB SSD, GeForce GTX 1050 2GB, Windows 10 Home",,Computers,Laptops,https://webscraper.io/test-sites/e-commerce/static/product/113
Lenovo Yoga 72...,/test-sites/e-commerce/static/product/114,1149.73,"Lenovo Yoga 720 Grey, 15.6"" FHD IPS, Core i5-7300HQ, 8GB, 256GB SSD, GeForce GTX 1050 2GB, Windows 10 Home",,Computers,Laptops,https://webscraper.io/test-sites/e-commerce/static/product/114
Toshiba Porteg...,/test-sites/e-commerce/static/product/115,1154.04,"Toshiba Portege Z30-C-16L Grey, 13.3"" FHD, Core i7-6500U, 8GB, 256GB SSD, Windows 10 Pro",,Computers,Laptops,https://webscraper.io/test-sites/e-commerce/static/product/115
Acer TravelMat...,/test-sites/e-commerce/static/product/116,1170.1,"Acer TravelMate P645-S-511A Black, 14"" FHD IPS, Core i5-5200U, 8GB, 256GB SSD, 3G, Windows 10 Pro",,Computers,Laptops,https://webscraper.io/test-sites/e-commerce/static/product/116
Dell Latitude...,/test-sites/e-commerce/static/product/117,1178.19,"Dell Latitude 5580, 15.6"" FHD, Core i5-7300U, 16GB, 256GB SSD, Linux + Windows 10 Home",,Computers,Laptops,https://webscraper.io/test-sites/e-commerce/static/product/117
MSI GS63 7RD S...,/test-sites/e-commerce/static/product/118,1179.0,"MSI GS63 7RD Stealth, 15.6"" FHD IPS, Core i7-7700HQ, 8GB, 256GB SSD, GeForce GTX 1050 2GB, DOS + Windows 10 Home",,Phones,Computers,https://webscraper.io/test-sites/e-commerce/static/product/118
Dell Latitude...,/test-sites/e-commerce/static/product/119,1187.88,"Dell Latitude 5480, 14"" FHD, Core i5-7300U, 8GB, 256GB SSD, Windows 10 Pro",,Computers,Laptops,https://webscraper.io/test-sites/e-commerce/static/product/119
Acer Predator...,/test-sites/e-commerce/static/product/120,1187.98,"Acer Predator Helios 300 (PH317-51), 17.3"" FHD IPS, Core i7-7700HQ. 8GB, 128GB SSD +1TB, GeForce GTX 1050Ti 4GB, Linux + Windows 10 Home",,Computers,Laptops,https://webscraper.io/test-sites/e-commerce/static/product/120
MSI GL62M 7REX,/test-sites/e-commerce/static/product/121,1199.0,"MSI GL62M 7REX, 15.6"" FHD, Core i7-7700HQ, 8GB, 1TB + 128GB SSD, GeForce GTX 1050 Ti 2GB, Windows 10 Home",,Computers,Laptops,https://webscraper.io/test-sites/e-commerce/static/product/121
MSI GL62M 7REX...,/test-sites/e-commerce/static/product/122,1199.0,"MSI GL62M 7REX2, 15.6"" FHD, Core i7-7700HQ, 8GB, 1TB + 128GB SSD, GeForce GTX 1050 Ti 2GB, Windows 10 Home",,Computers,Laptops,https://webscraper.io/test-sites/e-commerce/static/product/122
Lenovo Yoga 91...,/test-sites/e-commerce/static/product/123,1199.73,"Lenovo Yoga 910 Grey, 13.9"" FHD Touch, Core i5-7200U, 8GB, 256GB SSD, Windows 10 Home",,Computers,Laptops,https://webscraper.io/test-sites/e-commerce/static/product/123
Toshiba Porteg...,/test-sites/e-commerce/static/product/124,1203.41,"Toshiba Portege X30-D-10J Black/Blue, 13.3"" FHD IPS, Core i5-7200U, 8GB, 256GB SSD, Windows 10 Pro",,Computers,Laptops,https://webscraper.io/test-sites/e-commerce/static/product/124
Lenovo IdeaPad...,/test-sites/e-commerce/static/product/125,1212.16,"Lenovo IdeaPad Miix 510 Platinum Silver, 12.2"" IPS Touch, Core i5-7200U, 8GB, 256GB SSD, 4G, Windows 10 Pro",,Computers,Laptops,https://webscraper.io/test-sites/e-commerce/static/product/125
Acer Predator...,/test-sites/e-commerce/static/product/126,1221.58,"Acer Predator Helios 300 (PH317-51), 17.3"" FHD IPS, Core i7-7700HQ, 8GB, 1TB + 128GB SSD, GeForce GTX 1050 Ti 4GB, Windows 10 Home",,Phones,Home,https://webscraper.io/test-sites/e-commerce/static/product/126
Asus VivoBook...,/test-sites/e-commerce/static/product/127,1235.49,"Asus VivoBook Pro 15 N580VN-FI006T Gold Metal, 15.6"" UHD, Core i7-7700HQ, 16GB, 1TB + 256GB SSD, GeForce MX150 2GB, Windows 10 Home, Eng kbd",,Computers,Laptops,https://webscraper.io/test-sites/e-commerce/static/product/127
Dell Latitude...,/test-sites/e-commerce/static/product/128,1238.37,"Dell Latitude 5480, 14"" FHD, Core i7-7600U, 8GB, 256GB SSD, Linux",,Computers,Laptops,https://webscraper.io/test-sites/e-commerce/static/product/128
Asus ZenBook U...,/test-sites/e-commerce/static/product/129,1239.2,"Asus ZenBook UX530UX-FY040T Blue, 15.6"" FHD, Core i7-7500U, 8GB, 512GB SSD, GeForce GTX950M 2GB, Windows 10 Home, Eng kbd",,Computers,Laptops,https://webscraper.io/test-sites/e-commerce/static/product/129
Asus ROG Strix...,/test-sites/e-commerce/static/product/130,1259.0,"Asus ROG Strix GL753VE-GC096T, 17.3"" FHD, Core i7-7700HQ, 8GB, 1TB + 128GB SSD, GeForce GTX 1050 Ti 4GB, Windows 10 Home, Eng kbd",,Computers,Laptops,https://webscraper.io/test-sites/e-commerce/static/product/130
Apple MacBook...,/test-sites/e-commerce/static/product/131,1260.13,"Apple MacBook Air 13"", i5 1.8GHz, 8GB, 256GB SSD, Intel HD 6000, ENG",,Computers,Laptops,https://webscraper.io/test-sites/e-commerce/static/product/131
Dell Latitude...,/test-sites/e-commerce/static/product/132,1271.06,"Dell Latitude 5480, 14"" FHD, Core i7-7600U, 8GB, 1TB, GeForce GT930MX, Windows 10 Pro",,Computers,Laptops,https://webscraper.io/test-sites/e-commerce/static/product/132
Hewlett Packar...,/test-sites/e-commerce/static/product/133,1273.11,"Hewlett Packard Spectre 13-v106na Dark Ash Silver, 13.3"" FHD IPS, Core i5-7200U, 8GB, 256GB SSD, Windows 10 Home",,Computers,Laptops,https://webscraper.io/test-sites/e-commerce/static/product/133
Toshiba Porteg...,/test-sites/e-commerce/static/product/134,1294.74,"Toshiba Portege Z30-C-16K Grey, 13.3"" FHD, Core i5-6200U, 8GB, 256GB SSD, 4G, Windows 10 Pro",,Computers,Laptops,https://webscraper.io/test-sites/e-commerce/static/product/134
MSI GL62VR 7RF...,/test-sites/e-commerce/static/product/135,1299.0,"MSI GL62VR 7RFX, 15.6"" FHD, Core i7-7700HQ, 8GB, 1TB + 256GB SSD, GeForce GTX 1060 3GB, Windows 10 Home",,Computers,Laptops,https://webscraper.io/test-sites/e-commerce/static/product/135
Dell Latitude...,/test-sites/e-commerce/static/product/136,1310.39,"Dell Latitude 5480, 14"" FHD, Core i7-7600U, 8GB, 256GB SSD, Windows 10 Pro",,Computers,Laptops,https://webscraper.io/test-sites/e-commerce/static/product/136
Hewlett Packar...,/test-sites/e-commerce/static/product/137,1326.83,"Hewlett Packard ProBook 640 G3, 14"" FHD, Core i7-7600U, 8GB, 256GB SSD, Windows 10 Pro",,Computers,Laptops,https://webscraper.io/test-sites/e-commerce/static/product/137
Apple MacBook...,/test-sites/e-commerce/static/product/138,1333.0,"Apple MacBook Pro 13"" Space Gray, Core i5 2.3GHz, 8GB, 128GB SSD, Iris Plus 640, ENG",,Computers,Laptops,https://webscraper.io/test-sites/e-commerce/static/product/138
Dell Latitude...,/test-sites/e-commerce/static/product/139,1337.28,"Dell Latitude 5580, 15.6"" FHD, Core i7-7600U, 8GB, 256GB SSD, GeForce GT930MX, Windows 10 Pro",,Computers,Laptops,https://webscraper.io/test-sites/e-commerce/static/product/139
Dell Latitude...,/test-sites/e-commerce/static/product/140,1338.37,"Dell Latitude 5480, 14"" FHD, Core i7-7600U, 8GB, 256GB SSD, Linux + Windows 10 Home",,Computers,Laptops,https://webscraper.io/test-sites/e-commerce/static/product/140
Dell Latitude...,/test-sites/e-commerce/static/product/141,1341.22,"Dell Latitude 5580, 15.6"" FHD, Core i7-7600U, 16GB, 256GB SSD, GeForce GT930MX, Linux",,Computers,Laptops,https://webscraper.io/test-sites/e-commerce/static/product/141
Apple MacBook...,/test-sites/e-commerce/static/product/142,1347.78,"Apple MacBook Air 13"", Intel Core i5 1.8GHz, 8GB, 256GB SSD, Intel HD 6000, RUS",,Computers,Laptops,https://webscraper.io/test-sites/e-commerce/static/product/142
Lenovo ThinkPa...,/test-sites/e-commerce/static/product/143,1349.23,"Lenovo ThinkPad T470, 14"" FHD IPS, Core i5-7200U, 8GB, 256GB SSD, Windows 10 Pro",,Computers,Laptops,https://webscraper.io/test-sites/e-commerce/static/product/143
Lenovo ThinkPa...,/test-sites/e-commerce/static/product/144,1362.24,"Lenovo ThinkPad Yoga 370 Black, 13.3"" FHD IPS Touch, Core i5-7200U, 8GB, 256GB SSD, 4G, Windows 10 Pro",,Computers,Laptops,https://webscraper.io/test-sites/e-commerce/static/product/144
Toshiba Porteg...,/test-sites/e-commerce/static/product/145,1366.32,"Toshiba Portege X20W-D-10V Black/Blue, 12.5"" FHD Touch, Core i7-7500U, 8GB, 512GB SSD, Windows 10 Pro",,Computers,Laptops,https://webscraper.io/test-sites/e-commerce/static/product/145
Asus ASUSPRO B...,/test-sites/e-commerce/static/product/146,1381.13,"Asus ASUSPRO B9440UA-GV0279R Gray, 14"" FHD, Core i7-7500U, 16GB, 512GB SSD, Windows 10 Pro, Eng kbd",,Computers,Laptops,https://webscraper.io/test-sites/e-commerce/static/product/146
Asus ROG Strix...,/test-sites/e-commerce/static/product/147,1399.0,"Asus ROG Strix GL702VM-GC146T, 17.3"" FHD, Core i7-7700HQ, 8GB, 1TB + 128GB SSD, GeForce GTX 1060 3GB, Windows 10 Home, Eng kbd",,Computers,Laptops,https://webscraper.io/test-sites/e-commerce/static/product/147
Lenovo IdeaTab,/test-sites/e-commerce/static/product/10,69.99,"7"" screen, Android",,Computers,Tablets,https://webscraper.io/test-sites/e-commerce/static/product/10
Acer Iconia,/test-sites/e-commerce/static/product/11,96.99,"7"" screen, Android, 16GB",,Computers,Tablets,https://webscraper.io/test-sites/e-commerce/static/product/11
Asus MeMO Pad,/test-sites/e-commerce/static/product/12,102.99,"7"" screen, Android, 8GB",,Computers,Tablets,https://webscraper.io/test-sites/e-commerce/static/product/12
Amazon Kindle,/test-sites/e-commerce/static/product/13,103.99,"6"" screen, wifi",,Computers,Tablets,https://webscraper.io/test-sites/e-commerce/static/product/13
iPad Mini Reti...,/test-sites/e-commerce/static/product/14,537.99,"Wi-Fi + Cellular, 32GB, Silver",,Computers,Tablets,https://webscraper.io/test-sites/e-commerce/static/product/14
IdeaTab A3500L,/test-sites/e-commerce/static/product/15,88.99,"Black, 7"" IPS, Quad-Core 1.2GHz, 8GB, Android 4.2",,Computers,Tablets,https://webscraper.io/test-sites/e-commerce/static/product/15
Galaxy Tab,/test-sites/e-commerce/static/product/16,251.99,"16GB, White",,Computers,Tablets,https://webscraper.io/test-sites/e-commerce/static/product/16
Galaxy Tab 3,/test-sites/e-commerce/static/product/18,97.99,"7"", 8GB, Wi-Fi, Android 4.2, White",,Computers,Tablets,https://webscraper.io/test-sites/e-commerce/static/product/18
Galaxy Note,/test-sites/e-commerce/static/product/19,489.99,"12.2"", 32GB, WiFi, Android 4.4, White",,Computers,Tablets,https://webscraper.io/test-sites/e-commerce/static/product/19
MeMO Pad 7,/test-sites/e-commerce/static/product/20,130.99,"White, 7"", Atom 1.2GHz, 8GB, Android 4.4",,Phones,Home,https://webscraper.io/test-sites/e-commerce/static/product/20
Galaxy Tab 4,/test-sites/e-commerce/static/product/21,233.99,"LTE (SM-T235), Quad-Core 1.2GHz, 8GB, Black",,Computers,Tablets,https://webscraper.io/test-sites/e-commerce/static/product/21
Galaxy Tab 3,/test-sites/e-commerce/static/product/22,107.99,"7"", 8GB, Wi-Fi, Android 4.2, Yellow",,Computers,Tablets,https://webscraper.io/test-sites/e-commerce/static/product/22
Memo Pad HD 7,/test-sites/e-commerce/static/product/23,101.99,"IPS, Dual-Core 1.2GHz, 8GB, Android 4.3",,Computers,Tablets,https://webscraper.io/test-sites/e-commerce/static/product/23
Galaxy Note 10...,/test-sites/e-commerce/static/product/24,587.99,"10.1"", 32GB, Black",,Computers,Tablets,https://webscraper.io/test-sites/e-commerce/static/product/24
MeMo PAD FHD 1...,/test-sites/e-commerce/static/product/25,320.99,"White, 10.1"" IPS, 1.6GHz, 2GB, 16GB, Android 4.2",,Computers,Tablets,https://webscraper.io/test-sites/e-commerce/static/product/25
IdeaTab S5000,/test-sites/e-commerce/static/product/26,172.99,"Silver, 7"" IPS, Quad-Core 1.2Ghz, 16GB, 3G, Android 4.2",,Computers,Tablets,https://webscraper.io/test-sites/e-commerce/static/product/26
Iconia B1-730H...,/test-sites/e-commerce/static/product/27,99.99,"Black, 7"", 1.6GHz Dual-Core, 8GB, Android 4.4",,Computers,Tablets,https://webscraper.io/test-sites/e-commerce/static/product/27
IdeaTab A8-50,/test-sites/e-commerce/static/product/28,121.99,"Blue, 8"" IPS, Quad-Core 1.3GHz, 16GB, Android 4.2",,Computers,Tablets,https://webscraper.io/test-sites/e-commerce/static/product/28
Galaxy Note,/test-sites/e-commerce/static/product/29,399.99,"10.1"", 3G, Android 4.0, Garnet Red",,Computers,Tablets,https://webscraper.io/test-sites/e-commerce/static/product/29
Apple iPad Air,/test-sites/e-commerce/static/product/30,603.99,"Wi-Fi, 64GB, Silver",,Computers,Tablets,https://webscraper.io/test-sites/e-commerce/static/product/30
Iphone,/test-sites/e-commerce/static/product/8,899.99,Silver,,Phones,Touch,https://webscraper.io/test-sites/e-commerce/static/product/8
Nokia X,/test-sites/e-commerce/static/product/4,109.99,"Andoid, Jolla dualboot",,Phones,Touch,https://webscraper.io/test-sites/e-commerce/static/product/4
Nokia 123,/test-sites/e-commerce/static/product/1,24.99,7 day battery,,Phones,Touch,https://webscraper.io/test-sites/e-commerce/static/product/1
Sony Xperia,/test-sites/e-commerce/static/product/5,118.99,"GPS, waterproof",,Phones,Touch,https://webscraper.io/test-sites/e-commerce/static/product/5
Ubuntu Edge,/test-sites/e-commerce/static/product/6,499.99,Sapphire glass,,Phones,Touch,https://webscraper.io/test-sites/e-commerce/static/product/6
Iphone,/test-sites/e-commerce/static/product/7,899.99,White,,Phones,Touch,https://webscraper.io/test-sites/e-commerce/static/product/7
